Index,Customer Id,First Name,Last Name,Company,City,Country,Phone 1,Phone 2,Email,Subscription Date,Website
5,D60df62ad2ae41E,Kara,Woods,Mccarthy-Kelley,Port Jacksonland,Nepal,+1-360-693-4419x19272,163-627-2565,jesus90@roberson.info,2022-04-22,http://merritt.com/
7,73B22Ac8A43DD1A,Julie,Cooley,"Yu, Norman and Sharp",West Sandra,Japan,+1-675-243-7422x9177,(703)337-5903,priscilla88@stephens.info,2022-03-26,http://www.sexton-chang.com/
12,bf2fA37cbAd7dDc,Bernard,Ritter,Bradford and Sons,West Francisco,Palau,292.313.1902,(065)075-0554,tammiepope@arroyo-baldwin.com,2022-01-19,http://sellers.biz/
13,4fa8ffcdBbf53bB,Darryl,Archer,Kerr-Cherry,Holtfurt,Uganda,(389)437-1716,092.364.7349x593,woodalejandro@skinner-sloan.biz,2022-04-18,https://www.daniels.com/
15,2a0c691Ce19C6f3,Vicki,Nunez,"Leonard, Galvan and Blackburn",Barbaraborough,Haiti,(217)474-0312,(098)195-0840x79579,zgrant@sweeney.com,2022-01-30,https://reynolds.com/
19,ba5a73D210dCcE4,Joann,Finley,Harvey PLC,Barrettshire,Montserrat,(941)715-8720x950,155.433.4824x955,gabriela86@sampson.com,2022-04-11,http://www.harrell.com/
23,EFeFaC727F12CDF,Glenn,Wang,Warner-Hodge,West Rachael,Gabon,834.104.6424x8311,001-741-628-9295,anna80@mata.com,2022-01-01,http://brooks-kerr.com/
24,c5CB6C5bFB91fdC,Darius,Benitez,Giles LLC,Mejiashire,Jersey,+1-797-864-3151x25142,139-216-5379x6030,garrettdurham@olsen.com,2022-02-28,https://washington.com/
29,b1d4abfbCb67feE,Tyler,Stevenson,Burns and Sons,North Joannashire,Sri Lanka,001-239-175-8518x52340,596.077.7972x616,mmayo@gilbert.com,2022-03-02,http://www.fry.org/
46,37a20bF88deF55D,Stephanie,Bradshaw,Tanner LLC,East Paulaville,American Samoa,+1-934-296-1820x843,(364)992-5769x31100,debbie56@baker-olsen.com,2022-03-05,http://jimenez.biz/
50,815D27672C2Ba6d,Tom,Gardner,Werner-Bean,New Samuel,Barbados,(318)356-6855x56588,254-202-1771x157,darin81@callahan.com,2022-01-04,http://yang-everett.com/
53,D02c86e781bA06f,Gloria,Mosley,Calderon Ltd,East Reneefurt,Fiji,296-297-8174x50153,629-157-7866x510,escobardeanna@sawyer-obrien.info,2022-05-06,https://www.huber.info/
64,5DcB42c2f8fBfb5,Trevor,Rowland,"Ritter, Fox and English",Deanchester,Nigeria,938.501.2065x13955,6382043216,simpsonraven@liu.com,2022-03-04,http://noble-beard.com/
74,024a3d8Df5abFE9,Diamond,Barnett,"Walker, Andersen and Reeves",New Patriciamouth,Trinidad and Tobago,713.178.8679x870,(771)321-5148x65206,gibbsemily@fisher.biz,2022-01-04,https://mcdowell-compton.biz/
78,ec3cD83Be620f62,Neil,Murray,Washington-Ramirez,East Stephanie,Afghanistan,915-049-4725x373,+1-597-545-3394x14627,englishstefanie@braun.com,2022-03-20,http://ritter.com/
81,61AD5B1099Db9d0,Traci,Levy,"Simon, Flores and Carr",New Erica,Kiribati,+1-847-237-3203x0302,780-652-7678,camposherbert@lang.com,2022-02-19,http://www.burke-glover.com/
87,483E29cf4aC5A4D,Chelsey,Boyer,"Goodman, Carrillo and Stein",Selenaville,Morocco,001-290-975-0712x603,+1-697-878-1394x0986,jonathon78@werner.com,2022-04-17,https://www.willis-todd.net/
88,37E3234CC7F8da4,Trevor,Key,"Escobar, Adams and Huber",New Ryan,Palestinian Territory,813.263.6136,189-231-9202,bunderwood@owen.com,2022-01-03,http://webb-barnes.info/
95,e9eFc5d60ddc3ec,Dakota,Bowman,Gomez-Tapia,West Barbarafurt,China,+1-707-196-7497,4793362473,branchmegan@dougherty.com,2022-04-17,https://deleon-avery.com/
98,eA4F6CB2ADEBF6d,Jeffery,Wall,Santos-Barnett,Jonathonhaven,Cambodia,(318)952-4565x2143,(495)821-7527x0997,wanda50@webster.com,2022-02-18,http://www.dickerson.com/
108,Bd6deeDc10eD051,Madison,Clark,"Atkinson, Benitez and Tapia",Cristianmouth,Nigeria,999.090.5244,+1-136-145-9740,ikeith@richards.com,2022-05-19,http://www.mack.info/
111,a6d9bE38B614721,Darrell,Small,Nicholson LLC,Lake Warrenmouth,Reunion,(962)163-3676,(852)503-0393,boyerjoy@gross-meadows.info,2022-03-19,http://www.sherman.com/
134,A3568fE8Cb3b386,Sherry,Ponce,Petty Ltd,Holdenfurt,Isle of Man,8636203771,042.351.3763x69166,vjacobson@perkins-dunlap.net,2022-01-12,https://dillon.info/
141,90Ed6bc0d1e173C,Dwayne,Crane,Mcdaniel and Sons,North Jessicaview,Montenegro,+1-288-738-0411,374-169-0130,logan04@hines.biz,2022-02-12,http://www.harmon.biz/
146,2AFBB914C4fACa9,Paige,Page,"Mullins, James and Herman",Kaufmanfurt,French Guiana,(724)536-3717,+1-745-549-7420x8738,aodonnell@prince.com,2022-04-02,https://suarez-sims.org/
159,57234838A0aD5F4,Don,Ho,Stark-Glover,Riosport,Uganda,426-986-3364,588.449.6684x0997,rwallace@shepherd-mcdowell.com,2022-02-12,https://www.ellison.com/
164,25A8883aDb70dEf,Douglas,Carson,Ferguson Ltd,Branchview,Israel,0649610158,123-494-6576,ethanle@gibson.com,2022-04-26,http://wong-strickland.com/
167,Fc8bdf1329ce090,Calvin,Roach,"Wilkins, Goodman and Cummings",North Melvin,Wallis and Futuna,(705)989-7127x1441,+1-065-887-8300x640,kathleenbrewer@sweeney.com,2022-01-04,https://www.ward.com/
171,337649Ab3CaDFb7,Jeremiah,Guerrero,"Cole, Franco and Alvarez",New Erikville,French Polynesia,(358)794-8196,+1-831-346-8745x5416,mosskevin@perkins.com,2022-05-11,http://montes.com/
173,F7d3Ce1c250cbCf,Brent,Beasley,Mendoza Group,South Kimberly,Antigua and Barbuda,(417)163-0671,636-571-7207x09917,bettymckinney@houston.com,2022-04-14,http://edwards-nguyen.net/
180,A5Cd45CD6FEe5A2,Seth,Osborne,Rollins-Carson,East Kaylee,Holy See (Vatican City State),423-915-1795,848-710-5884,xcoleman@farrell-bernard.com,2022-01-01,http://www.bradford-rivas.com/
181,8BABDb31B26eBe3,Lydia,Ponce,Fitzgerald Inc,New Eduardo,Mongolia,4012641567,515.159.5884x6697,lauramorris@anthony-bullock.com,2022-05-24,http://hahn.com/
194,44dC6C8Ca4f0a90,Marcia,Horton,"Carter, Ford and Matthews",West Kendra,Kiribati,(993)224-4282x8920,+1-132-751-6285x2256,mcdowelljenna@beck-lewis.com,2022-05-17,http://arnold-morse.com/
195,657eA09240Bd02A,Sydney,Barr,Weiss LLC,East Courtneyview,Micronesia,(695)288-8162,(938)765-1789x50304,carlosstewart@deleon-griffith.com,2022-02-05,https://hurley-blankenship.net/
197,53B158FcccFF74c,Angela,Jackson,"Reynolds, Patel and Rush",Reynoldsborough,Congo,+1-196-821-6270x5206,(552)005-7001x05902,arthurpetersen@bolton.info,2022-02-06,http://perry.net/
198,a8FfE4fbd7910b9,Bethany,Barrera,"Swanson, Figueroa and Heath",Vickietown,South Georgia and the South Sandwich Islands,001-411-057-3486,6232251109,rhonda48@castro.info,2022-05-29,http://www.cortez.com/
205,CEa5C35aEaF44CF,Hannah,Waller,Glenn and Sons,Fritzbury,Turkmenistan,403-463-5810x69144,+1-871-911-5367,gouldruth@novak-dunlap.com,2022-04-23,http://www.cunningham.com/
206,BE3c6CC4B8b58ac,Randy,Cannon,Le PLC,South Nancy,French Southern Territories,708.846.5418x222,+1-413-822-6734x526,pcampos@lloyd-leblanc.info,2022-01-21,https://www.henry.com/
207,eD6bdfeF85Afe01,Adrienne,Hunter,Escobar-Cannon,Lake Glennside,Kazakhstan,952-008-0777x0963,248-271-9569x5820,lindsay75@levy-valentine.com,2022-04-02,http://www.wiggins-cuevas.net/
244,8bB5Eed0daFEeb5,Adrian,Frazier,Franco Group,Seanport,Ecuador,049.485.9910x79759,034.265.2339,ballfernando@miranda.com,2022-04-13,http://www.fleming.org/
245,DDfd0EEF4B46Eb3,Beverly,Kirby,"Ruiz, Chase and Villa",Elijahchester,Bangladesh,(084)862-1420x01125,+1-959-071-7828,valentinecarmen@michael.com,2022-04-01,https://www.mays-blevins.info/
248,b9006D3c9cEeFef,Victor,Rogers,Walls-Randall,Gabriellafort,Kiribati,001-446-612-7595x848,138-204-0333,tannerbrandi@duarte.biz,2022-04-11,http://suarez.com/
249,EF0B773aE00C2dc,Alisha,Gallegos,Montoya-Mccarthy,Lake Christianton,Singapore,001-208-419-2907x81591,(892)277-7120,bernard01@hammond-delacruz.net,2022-03-26,https://www.hale.com/
253,BdBF790f2DB42FE,Gilbert,Bowers,"Russell, Ashley and French",Wyattborough,Bahamas,+1-631-190-6682,+1-709-029-8876x9575,sfields@sexton-archer.com,2022-04-13,http://nelson.com/
254,5B789BA48f72Cd2,Jon,Gay,"Frey, Howard and Burns",Lake Mike,Kenya,001-464-405-4973x992,429-643-4061x065,hmelendez@jenkins-ingram.org,2022-02-23,https://www.garza.com/
255,bbd714cFdfDD3DD,Julia,Davila,Montoya Group,Port Caleb,Aruba,001-230-360-3830x50623,763.779.6968,ericafrederick@beasley.org,2022-02-19,http://rush.com/
257,D7BbB33Be1FC539,Rachael,Jimenez,"Burnett, Vang and Delgado",Alextown,Bermuda,(070)216-7245x1049,255-655-4082x357,romerotricia@chung.org,2022-04-19,http://yang.info/
263,c7838eEacAac61E,Cassidy,Dominguez,Dixon-Winters,South Annetteville,Bouvet Island (Bouvetoya),(974)729-3737x75245,528-931-4350x3356,omcfarland@lin-atkinson.biz,2022-04-06,http://lutz.biz/
274,c9ea1cBBCe212c1,Paul,Meyers,"Pham, Cabrera and Long",Port Mercedesberg,Panama,350.821.3681x1897,(561)660-4342x14654,smckay@escobar.com,2022-02-13,http://robertson-gray.com/
278,dDf25B8D5b9cC14,Dominique,Summers,"Estes, Durham and Burgess",Rickyside,Maldives,+1-411-245-5810x615,1417109950,traceyreynolds@wilson.com,2022-05-21,https://stuart-marsh.com/
280,57b374c72b5C7F5,Chloe,Franklin,"Mclean, Robles and Orr",South Craig,Comoros,321-310-2883x01104,493-739-0858,suarezbarbara@cross-baird.info,2022-01-15,http://www.christensen.com/
295,BDED6da71e0fF2f,Francis,Miller,Harrell-Pacheco,Lake Yvetteberg,Dominica,163.945.6110,808-709-6376,kristidaugherty@burch.info,2022-01-11,https://www.owens-leblanc.com/
296,7C87BCEf12CB8Ba,Stuart,Valdez,"Dickson, Wilcox and Hatfield",East Glenn,Bhutan,+1-319-809-8625x94284,192-313-9669x4512,michelleodom@mcconnell.com,2022-03-01,http://www.pollard.com/
314,aC8125126392EF6,Meghan,Moses,Henry LLC,Bernardmouth,Holy See (Vatican City State),397.979.4605,+1-720-900-5335x06961,xcannon@leblanc-hays.com,2022-02-23,http://sloan.com/
315,72B5a2ddE4EF5d0,Jodi,Moran,Ashley-Johns,North Lacey,Solomon Islands,+1-121-247-8279x217,909-089-8169,wsmall@jennings.com,2022-05-17,https://www.espinoza-gilmore.biz/
320,b7C9e51d3aF5B6B,Michele,Case,Mathis-Young,South Roberta,Equatorial Guinea,367-436-0262,499-049-4876x69966,isaachawkins@brock.net,2022-04-05,http://stout.com/
323,85fE9bc7A71dCB9,Kristina,Hunter,Fry-Melendez,East Isaac,Ecuador,414.387.9962x8086,275.749.8108x662,bonnie63@potter-combs.com,2022-01-01,http://jensen.com/
324,c9Bb9740d8CEcAb,Shirley,Bowman,Roman LLC,East Dianeport,Reunion,135.578.2855,(079)827-8903x8117,nicholasvaldez@wall.com,2022-04-16,http://www.miles-chapman.com/
329,7b7A3BaF1d132C2,Jermaine,Hodges,Fields-Frederick,Lake Marilynhaven,Cayman Islands,001-531-138-1723x53933,128-891-8417,barry83@beltran-tyler.biz,2022-05-04,https://www.mcclain.biz/
349,6Adb9b8C9C1dDEe,Tabitha,Reilly,Kerr Inc,Taylorshire,San Marino,475-797-1986x29372,471-091-5096,michealwhite@krause.com,2022-03-16,https://www.austin.info/
355,A853040cBF735eD,Alan,Valenzuela,Avila-Melendez,Birdtown,United States Minor Outlying Islands,(196)648-9540x823,279.571.8092,mccannmallory@parsons.com,2022-04-28,http://chan.info/
357,dFf6f43Aa1fC6fa,Henry,Holland,Eaton-Burnett,North Julian,Gabon,615.668.7783x293,+1-838-431-6386x717,benitezgina@downs-holden.com,2022-04-15,http://gallegos.net/
358,acaa3d9fB5803b2,Diana,Cox,Lin-Fowler,Tanyastad,Macedonia,350.631.7181x282,001-842-234-0769x5694,crystal25@spence.com,2022-05-02,https://www.sosa.com/
367,b38a5e1De05Bbdf,Cassidy,Bruce,Castaneda Group,East Eugene,Congo,894.022.6936,(604)768-1647,dwaynespence@kramer.com,2022-02-21,http://benitez-lam.org/
381,ac739239aFcF121,Max,Rasmussen,"Graves, Hardin and Cummings",West Tammieport,Liechtenstein,001-928-549-3512x57008,(944)703-2933x5609,shawriley@rasmussen.com,2022-03-06,http://woodard-dawson.com/
383,05Db1ADe4B4EcBE,Tyrone,Holloway,Peters-Perez,Pachecoburgh,Tonga,981-381-0758x5982,842.201.6104x67378,wdyer@mayo.net,2022-04-09,http://www.francis.biz/
385,89436752BeBF3Ec,Logan,Carroll,Chaney and Sons,Melissaville,Swaziland,327.237.4377,274.074.6169x920,cummingsjo@shea.info,2022-01-03,https://barrett.com/
392,54b4C62aADAcf02,Jaime,Terrell,Castaneda and Sons,Gilesburgh,Czech Republic,363-220-7368x6517,001-864-810-4269,ssutton@schroeder.info,2022-04-12,https://www.rogers.com/
399,dD4217ee6E211C3,Samuel,Drake,"Myers, Krueger and Sampson",South Tonya,Nauru,301.235.8441x37411,6213378153,xholden@walsh.com,2022-03-18,http://www.david-rollins.com/
400,c86eBcC5CE23f1E,Riley,Aguirre,Hicks PLC,East Sally,Senegal,001-500-057-5041x46881,9665450597,pattonsydney@graham.com,2022-05-07,https://tapia-erickson.com/
420,ec7fad7E7089Cc2,Alejandro,Sutton,Byrd PLC,Lake Franklinland,Colombia,+1-797-827-1242x92150,511.074.7872x222,jillrichmond@pugh-roach.com,2022-02-05,https://riggs.com/
422,c6CAAD726614682,Terry,Woodward,Hicks Inc,Schultzbury,Syrian Arab Republic,(025)888-2467,395-954-3146x8730,mcculloughkylie@ford.com,2022-04-24,https://www.osborn.com/
424,34f20119a4653A6,Troy,Elliott,Sosa LLC,South Robertbury,Equatorial Guinea,(105)480-0123x26243,5301277009,ezamora@burke.org,2022-03-27,https://www.sampson-torres.com/
425,f6EA334f7a88F66,Barry,Rubio,Brock and Sons,Dalemouth,French Guiana,879-877-0959x8275,155-724-1603x410,brad79@powell.org,2022-04-28,http://www.adams.com/
433,6aFF059e79908Ba,Michaela,Thornton,Riggs-Rodgers,West Victoria,Norfolk Island,001-512-968-0738x36067,754.007.1639x8172,raysimon@smith.com,2022-04-22,http://maldonado.com/
437,62C2a7EF506B793,Desiree,Vang,"Patel, Donovan and Branch",Wigginsbury,Burkina Faso,001-459-908-2770x5164,974.575.2251x42998,leeeileen@peterson.com,2022-03-06,http://www.mckenzie.biz/
442,Eb815ff4Bdc3Db4,Catherine,Becker,Ware and Sons,Christyville,Christmas Island,001-952-882-4943x6521,002.727.6883,qlambert@obrien-gay.com,2022-04-29,https://moreno-brown.com/
447,E83CA6652fFCf36,Cole,Benitez,"Daniel, Phillips and Garrett",Lake Amanda,Estonia,(485)799-9011,486-464-7728x6735,geoffrey76@gonzales.org,2022-02-26,https://www.roach.org/
454,9B2bEE619B99C5d,Norman,Mclean,"Crosby, Ayers and Burch",South Stephen,Equatorial Guinea,101-792-2248x75474,(929)244-1286,nathaniel65@copeland-levy.org,2022-04-03,http://www.potter.com/
456,7d719f1bCcaA3Ac,Autumn,Soto,Ho-Long,Lake Deanna,Niger,8241986767,001-838-932-5550x72809,robertasharp@vasquez.info,2022-04-29,https://www.andrews.com/
458,2FdF7253F607D57,Reginald,Blankenship,"Holmes, Warner and Barrett",North Carly,Malawi,001-379-229-1128,(319)873-2500,plawson@reyes.com,2022-05-10,https://www.small.com/
459,b8bcEF027CaB352,Chelsey,Mcknight,Morse Group,Fordborough,Djibouti,+1-949-959-6027x4955,(590)275-0778x25496,aaroncollins@nunez.com,2022-04-08,https://rich.net/
461,d8c5E1952bd52aA,Kurt,Prince,Humphrey-Cain,Ronnieberg,United States of America,+1-392-021-7859x819,+1-515-698-0312x055,thompsonangie@may.com,2022-05-05,http://gibbs-friedman.com/
473,69285d4cD0bE6ad,Logan,Riddle,"Leach, Gutierrez and Villarreal",Weberview,Jordan,977-123-8872x405,498.178.0105,valerie78@osborne.net,2022-05-08,http://www.christian.info/
474,9E2eb00EF367Fa2,Kathryn,Hester,Lam and Sons,Port Paigefort,American Samoa,001-298-135-6349,+1-010-269-0735x017,mccartycandace@mclean.com,2022-01-22,https://koch-willis.com/
480,e140badD88486b0,Meredith,Pollard,Gilmore Ltd,Anthonyshire,Sudan,001-318-243-7439x5141,229.505.7411,sandy88@dougherty-gordon.biz,2022-01-05,http://www.miles.info/
486,06Fe765659a7ace,Kaitlin,Mejia,"James, Bowman and Bass",Lake Alechaven,Latvia,001-461-800-0549x5927,(373)702-3645x65021,ross23@hooper.com,2022-04-08,http://www.hicks.info/
488,7Ee692dCD8CAD8F,David,Cardenas,Cortez-Flowers,Tanyabury,Bahamas,078-430-6698,(415)215-3767x99040,mpetty@clark-allison.info,2022-01-23,http://www.roth.com/
498,E040edB499A6132,Amanda,Santos,Camacho-Lamb,Freemanberg,Antigua and Barbuda,092.983.8391x0219,626-158-4763x92618,slivingston@cherry-lara.info,2022-05-29,http://www.mcneil-gould.biz/
503,fcaF0A4f9eE28F0,Charlene,Huffman,"Henry, Weeks and Cantu",Stanleybury,Korea,+1-607-080-1677,828-679-5363x85711,belindawalls@wall-dalton.biz,2022-04-01,http://www.reynolds.org/
504,8f7B9864aF6B829,Abigail,Shah,Ortiz LLC,Mercadoland,Sierra Leone,3369249620,0410774981,ecollins@wise.biz,2022-03-11,https://www.cantrell.biz/
506,2AC8cD1Bdc5AAe5,Belinda,Kaiser,Hull Inc,Phillipsbury,Malawi,(088)972-6248,010-132-8522,susan95@burgess.com,2022-04-17,http://www.shelton-maxwell.org/
512,3EBf95cB4fBa76F,Joy,Mack,Blackwell Group,North Stevestad,Latvia,893.494.3142x496,+1-689-706-5612x10765,calebsolomon@li-berg.com,2022-03-20,http://oconnor-hale.com/
513,7E044bcbEedBB85,John,Rhodes,"Luna, Flowers and Beck",Port Sylviaton,Iceland,062.297.8516x2490,001-075-320-9636x79858,jamiemontgomery@cameron.org,2022-01-07,http://chandler.net/
515,6f2BBDD4A57e8DB,Judy,Nguyen,Graham LLC,Lindsayburgh,Uruguay,225.985.8787,756-286-9024x04667,tmoses@mueller.com,2022-05-21,http://odom.com/
531,7B9dcC1B6F12d4c,Adrienne,Wong,Barrera PLC,Anthonyberg,Gibraltar,+1-104-867-8861x020,538.720.1716x6556,yjenkins@lowery.com,2022-02-25,http://browning-jennings.com/
532,4Ec632DE79B28EB,Jorge,Farrell,Delgado LLC,Dylanberg,Australia,001-744-318-0340x612,800-315-1557x32359,alfredsnyder@tran-ellison.com,2022-04-21,https://mcknight-trevino.info/
541,58c352c869a7441,Cynthia,Moss,Colon LLC,West Matthewside,South Georgia and the South Sandwich Islands,115.810.4850x424,+1-501-613-1924x0604,victoria21@pope-ortiz.com,2022-04-16,http://lambert.com/
544,531EC46d609AFeA,Kerri,Hamilton,Hart and Sons,North Karaside,Yemen,+1-293-778-8348x6650,5834357303,scurry@schaefer-tate.info,2022-02-28,https://www.lawson-maddox.com/
558,A8497fe0cce772F,Larry,Rollins,"Michael, Cunningham and Ellison",Krausefurt,Djibouti,584.674.7798x202,026-571-3238x7767,spearsmarissa@flowers.com,2022-04-27,https://www.rice.com/
566,Fb0e378Af6Ee37e,Cole,Warner,Grimes Inc,Port Kylieside,Bhutan,+1-723-060-0979,(595)120-1719,dorislucas@evans-hartman.info,2022-03-06,http://moses.net/
578,aF4fA3aCA4bD5eC,Joel,Shea,Richmond-Horne,South Alisha,Palau,+1-517-016-8892x66533,(060)659-5698x44574,gfarley@wheeler-ayala.com,2022-05-29,https://www.mercer.com/
580,fEceCCA3A41c4b9,Latoya,Decker,Cooke and Sons,East Franceshaven,Mauritania,018-498-6552x49343,841.674.3732x117,audrey14@hopkins-serrano.biz,2022-04-16,http://www.koch.com/
581,9277977d7ff97fD,Chase,Guerrero,"Mccarty, Quinn and House",Armstrongtown,Gibraltar,345-139-2949x294,263-684-4360,randall08@palmer-wells.com,2022-05-03,https://www.andrews.biz/
588,cc4CFf3Cae8Fa5C,Albert,Case,"Henson, Heath and Delgado",Lake Lonnieberg,Saint Martin,1409330227,6225902182,krystal85@aguirre.com,2022-01-02,http://www.wise.com/
590,aA04De37fe1EFcE,Jennifer,Brady,Hampton-Riddle,Stanleyborough,Zimbabwe,559-737-7735,103.115.1924,darrell48@robinson-graves.com,2022-03-09,https://www.carter.net/
591,d3944d30ECa7a7A,Angel,Conner,"Banks, Pierce and Romero",Port Marieland,Cape Verde,+1-799-038-1973x31589,138.870.4598,fgeorge@daniels.com,2022-05-19,https://www.conner.com/
593,D48fdcDF9d7A214,Lawrence,Campos,Pittman LLC,Heathfurt,Uganda,126-968-6585x449,852.589.3656x973,santosrussell@hicks.com,2022-02-09,https://russo.com/
602,8f0a3ba91c1Eb43,Lawrence,Gross,Miles-Hodge,Bradleymouth,Ukraine,514-979-1897,(958)406-2654x6442,ryan38@delgado-crane.com,2022-02-10,https://www.dickerson.org/
614,05c1eCeEfE7DDE9,Kerry,Sanders,Larsen-Murray,New Grantshire,Montserrat,001-226-444-9485,349-760-1899x2643,zcase@mccarthy-patton.com,2022-04-29,http://www.swanson.org/
619,E8a23B90899B6d7,Jesus,Holden,Carlson Ltd,Cathyton,Saint Barthelemy,201-923-9778x77610,6579684312,rutharellano@stafford-gross.com,2022-01-05,https://ayers-lyons.net/
625,d6ECEA63A80bBFf,Larry,Huff,Knapp-Hill,New Reneemouth,Samoa,001-460-621-7336x21105,594-253-4267,kennethtownsend@dominguez.biz,2022-02-20,https://lowe-potter.com/
630,4213a532367a4BA,Lisa,Duran,Brennan-Spencer,East Sabrina,Senegal,(530)069-8101x9936,783.573.1020,hammondcristian@berry.com,2022-02-11,http://www.horne-arias.biz/
638,9a17fFf3FF40B63,Fred,Alvarez,"Roberts, Solis and Carpenter",Port Katherineside,Greece,001-084-338-7865x4610,601-294-0453,ccollier@baxter.com,2022-03-26,https://www.walter.com/
640,12e7C8A38a58Af5,Kristen,Terry,Howe-Mathis,South Rogerville,Niue,(092)964-5423x51182,(844)442-3593x1558,qhinton@ferguson.com,2022-01-31,https://www.berg.com/
671,B64Cde5cCE8f8D3,Mandy,Farley,Lozano-Wilkins,Powersstad,South Africa,(397)855-9737,001-159-528-3702x0045,duncanmadison@schmitt.com,2022-02-08,http://www.wheeler.net/
677,765daaEEECC07F4,Melody,Mckay,Paul Ltd,Claireberg,Czech Republic,159.010.0744x631,(173)306-4973x76091,bookerdennis@garrett-winters.com,2022-04-29,https://stafford.info/
686,db0d18D1374dBaC,Sara,Gilmore,Guerrero Inc,Lake Fred,Kuwait,(230)972-0993x995,+1-521-786-1882,wongwarren@riley.com,2022-04-15,http://estrada.com/
687,7af6141EBcBCEda,Norma,Page,Carroll-May,Kruegerside,Cambodia,143-554-2456x8134,+1-112-909-6233x8550,sabrinapeterson@webb.net,2022-01-10,http://www.hubbard-bennett.biz/
712,84F1B290A0Fb1fc,Austin,Bright,Aguilar PLC,Rebekahshire,Dominican Republic,001-526-053-4198x29394,+1-395-009-2243,ryanapril@francis-rowe.com,2022-05-05,https://brennan.com/
716,CFC6056BC2C3B0c,Warren,Willis,Small-Wade,South Gracebury,Mongolia,(690)988-2386,001-174-246-9528,qnunez@vincent-gregory.info,2022-04-19,http://ibarra-oneill.biz/
723,2Cde1Ce64CeD4aF,Latoya,Gillespie,Peters-Cruz,West Coreyview,Haiti,643.977.6128x19318,683.140.2987x54625,aprilbranch@knight.com,2022-03-23,https://cantrell.com/
728,e3eDEACd48Eb36A,Kayla,Guzman,"Ali, Fleming and Madden",Kiddfort,Central African Republic,9224105102,(251)590-5216,patricksteve@fleming.info,2022-04-28,https://lozano.com/
735,BAFdDdf03E7560e,Collin,Alvarez,Ho LLC,Port Lawrence,Jordan,001-272-422-9616x2196,(364)412-3299,ritablake@shepard.biz,2022-02-07,http://richmond.com/
748,ACf20DbBECE71D1,Harold,Paul,"Griffin, Stanton and Clements",Staffordhaven,Christmas Island,490.268.7559x40231,001-925-967-7301x96451,juarezphyllis@cunningham-hodge.org,2022-01-24,https://www.vargas.org/
753,9FF418832B9D63E,Kaylee,Bowers,Horn LLC,Johnsonland,Pakistan,922.157.5301x43064,+1-698-753-0518x57225,billymiranda@knight.biz,2022-02-15,https://lee.com/
757,abC0f3FEb576DFA,Kevin,Fleming,Frye-Haney,New Shannonstad,Trinidad and Tobago,157.074.5677x8272,493.853.7367x23184,justin34@ruiz-wood.info,2022-02-26,http://www.hampton-chapman.com/
758,2b6221ca8A40B98,Connie,Mercado,"Weeks, Perez and Andersen",New Vincentstad,China,(007)901-2759,+1-430-158-4106x96434,gallagherfrank@fitzgerald.com,2022-02-13,http://www.petty.biz/
765,F02fBDABc21Cdc3,Sean,Gray,Larsen-Payne,Berrymouth,China,(432)642-7473,(249)339-7146,drewmcgrath@bowen.com,2022-05-21,http://www.schroeder.org/
768,6C99B9dACFaA5D3,Paige,Pineda,"Cole, Huynh and Vang",Port Judith,Palau,+1-686-352-5419x4518,+1-712-942-6453x7743,hughescesar@pacheco.com,2022-04-10,https://pearson-wyatt.com/
772,cDBe5cFdbB3Ae4F,Jasmin,Waters,Chandler-Holt,South Marisachester,Hungary,(100)042-3614x67556,6319120275,pclark@ortega.com,2022-05-26,https://costa-owens.com/
773,EFAbeA7ac6B6BB3,Jennifer,Mcintosh,"Glover, Keith and Lozano",Simonside,Aruba,(658)565-9042x785,+1-414-038-3887x61892,bianca43@nixon.com,2022-03-18,https://www.farley-powers.com/
776,cdbf992db6BE7Ec,Brenda,Clark,Coleman-Bishop,Noblemouth,Thailand,172-984-8633x59652,001-773-196-4787x222,taylor22@chavez.net,2022-01-29,http://www.mayo-mosley.net/
786,eB21Bf50Cee268E,Brady,Mcdaniel,Knapp-Rodgers,Debraberg,Costa Rica,+1-352-880-8085x79835,(519)185-2441,echapman@small.biz,2022-05-17,http://www.espinoza.com/
797,12b349ebc8c41Fa,Bobby,Dodson,Fuller PLC,Mariamouth,Guyana,+1-103-694-2177x07046,322-247-7280x353,eugenemarsh@english.com,2022-03-30,http://www.meyers.com/
799,bbb16Bf455CeC9f,Jared,Howe,"Pacheco, Dennis and Velazquez",New Diane,Austria,(281)073-0559x1032,145.881.1299x01375,larryhoffman@jarvis.info,2022-01-11,http://www.green-huffman.com/
800,B4BEf2a9E3ff02B,Mike,Mckay,Aguilar-Carney,Lake Lydiafurt,Samoa,768-471-6955,(427)141-3099,sschroeder@proctor.com,2022-02-16,https://cantrell-conner.info/
805,223fD1E2b32101D,Miranda,Lawson,Baldwin PLC,West Claudiahaven,Montenegro,+1-803-170-9992,001-260-171-0939x2022,audreymarks@howell.com,2022-01-31,https://norman-goodman.com/
815,9a30Bfd62Ab7BC2,Tiffany,Rowe,Maynard-Mcbride,Smithview,Belgium,001-851-807-6472x362,227.813.1578,alice75@burke-peck.net,2022-04-20,http://www.mcbride.com/
827,5fE0D8439cF1ADa,Gabriella,Ho,Sawyer PLC,Danielview,Chad,+1-320-674-0292,276.377.1895,ericperry@simon.com,2022-04-19,http://knight.info/
829,A7bdD273350e6C9,Natalie,Ball,Garrett PLC,Port Laurie,Burundi,994-837-8130,+1-845-191-3896x8533,scottdrew@vazquez.com,2022-04-11,http://boyd-rios.com/
831,4A231C5DceB9739,Jack,Mendoza,"Cardenas, Bass and Callahan",Quinnfurt,Puerto Rico,+1-186-954-2345x50800,001-265-899-4876x1796,kmccullough@bryant.com,2022-05-28,https://colon.net/
832,1aeE81d4dD1C47d,Sheryl,Lyons,Henson-Trevino,South Roberta,Algeria,4607479481,(184)755-2962,mcfarlandrobin@callahan-wilkins.com,2022-04-07,http://schmitt.com/
837,6140fD9b8bEf5da,Adrienne,Medina,"Benitez, Wilkinson and Mooney",Darrellstad,Nepal,2359699770,682.333.4195,edwardsjoyce@freeman-chang.info,2022-03-28,https://www.french-bennett.com/
842,724a0B2081Bf67B,Edgar,Norman,Gould-Heath,Lake Kayleeville,Yemen,(116)825-6659,6964118487,orangel@bennett.com,2022-05-04,http://crawford.com/
843,064ae539Cc1BA9C,April,Garner,"Mckay, Moody and Rowland",Erikamouth,Hong Kong,(236)750-8118x7379,718-512-9681x39087,maloneclayton@figueroa.org,2022-03-03,https://www.noble-warner.com/
863,E9a689c736ef033,Jackie,Mccullough,Davidson Inc,West Randallshire,Guatemala,001-408-710-3110x07304,(217)654-3746x348,spencergalloway@rivers.com,2022-03-06,https://www.zavala-stephenson.info/
864,F82b6FDf077E8c7,Crystal,Dougherty,Rodgers-Kelly,Alfredshire,Swaziland,+1-238-636-2070x8867,(069)251-8838,stuart08@grant.com,2022-01-26,https://barnes.net/
867,2Ba8B54fb7a9cDB,Tina,Andrews,Dickerson and Sons,Charlenebury,Chile,+1-710-467-4230x82225,001-571-913-7568,karlflynn@riley.com,2022-02-03,https://conway-lowery.com/
878,D5E2D45D2b42BFF,Larry,Blanchard,Macias-Cole,Trujilloside,Isle of Man,344-879-6265x2915,001-923-705-8109x399,rhondachang@hooper.com,2022-03-14,http://www.oneal-stewart.net/
879,7d4B6DA49e3D315,Robert,Henderson,Cuevas Group,East Kristy,Mauritius,002.334.6601x96537,468-078-8727,bauerfernando@lester-baldwin.info,2022-04-12,http://www.luna.info/
883,CC6DEE7BAfA2b0C,Chloe,Durham,Colon LLC,Derrickland,Guyana,281-238-4266x80391,691-495-9793x043,isabel97@small-pope.net,2022-03-28,https://www.reese.net/
891,48d073fdcFBcbBE,Edgar,Meyers,"Ochoa, Durham and Fowler",Miguelhaven,French Southern Territories,001-191-297-9239x9405,(098)619-8473x99319,robersonclifford@byrd-salas.com,2022-02-25,http://www.joyce-mcconnell.org/
899,45e85eD91DE9cFb,Melvin,Todd,Padilla LLC,West Kristin,Mauritania,+1-879-286-7868x85150,001-864-783-7906,brian89@casey.info,2022-03-12,http://www.morse.com/
900,a5C40E07EBd3875,Gilbert,Larson,"Lambert, Olsen and Kent",Vanessabury,Gambia,001-356-872-6888,001-901-698-4260,alexander26@middleton.com,2022-01-24,https://abbott-wong.com/
903,a633a7f3C9B5Dc6,Dan,Shepard,Tucker-Hensley,East Shelleyfurt,Gabon,+1-380-680-3322x12351,+1-522-404-9694x0404,richardkatherine@fields.com,2022-04-29,http://rose.com/
913,8B4cDEf8Fc9EA89,Latoya,Clements,Russell LLC,Orrview,Congo,(885)565-0844,001-076-351-4658x438,edowns@cantu-rodgers.com,2022-05-16,http://huber.org/
916,344A16A0C7feBCf,Donna,Webster,"Fernandez, Wong and Briggs",Yvetteville,Comoros,022.369.2480x0199,591-250-2798x13722,krausetom@buckley.org,2022-03-10,http://herrera.com/
920,0Bb3cBf4c51Bdd6,Paige,Wong,Lam-Cardenas,Laurabury,United Arab Emirates,+1-307-022-1642x87860,6098681748,hammondcaitlyn@aguirre.biz,2022-03-22,https://williams.net/
925,753E24365A51CAC,Tanya,Howard,"Pierce, Riddle and Black",South Alisha,El Salvador,569-568-6926x10347,131-056-8351,kmelton@strong.biz,2022-03-27,http://www.martin.com/
926,F7DFD12cDbe29Ec,Christy,Franklin,Landry-Martin,Oliviatown,Angola,663.769.9149x356,600-993-1088,coltonarellano@boyle.com,2022-04-15,http://www.durham.biz/
931,a3E9d65eaB46Ac9,Francis,Goodman,Ortiz-Morgan,Lake Thomas,Afghanistan,118-578-4457x94867,001-323-204-4852x177,marthayoung@ellis.net,2022-02-08,https://rowland-hendricks.com/
934,6c59A2C1eF89B3B,Dana,Cohen,Bridges-Moyer,Port Gavin,Andorra,(564)993-0360x899,367-445-4888x448,herbertparker@wallace.biz,2022-04-18,http://www.mckay.com/
939,E41Ac1BB8A764dC,Jessica,Mcknight,"Walls, Fitzgerald and Hill",Jimmouth,New Zealand,001-660-874-4134x948,(730)301-7370,jilldixon@frank.com,2022-01-12,https://oconnell.info/
941,E4efFE26A13a5AB,Greg,Allen,"Cervantes, Fuentes and Cunningham",North Sheilaland,Greenland,(436)244-8885x6762,967-276-6280x635,aaron08@davies-rush.com,2022-05-05,http://www.herring.com/
946,3F268B8b63a7Ee1,Monica,Joyce,"Pham, Murphy and Watson",Howardville,Burundi,374-180-9047,001-084-102-8353x58108,dboyle@donovan.info,2022-03-15,https://www.james.com/
953,43fe2d321B8C7B0,Jennifer,Mcguire,Rangel Ltd,Cameronfurt,Burkina Faso,+1-116-631-4822,611-698-0803x58774,fnielsen@soto-villegas.com,2022-01-10,http://www.flowers.org/
958,b8ef0f40D818b8D,Shelly,Green,Rose-Mccarthy,New Seanmouth,Jordan,(693)244-7476x383,021.366.2089x277,johnathan92@huff.com,2022-04-28,http://quinn.com/
991,d9f860f54bF823e,Bill,Richards,Grant Inc,South Shellyview,Liechtenstein,(634)290-5807,738-287-3938,roger88@holden.com,2022-03-01,http://norton-buck.com/
996,FbcCaF483aFaFAE,Diana,Monroe,Bass-Wilson,Lake Jacksonmouth,Guatemala,+1-171-715-9766x54993,(489)413-7296x32807,cassidymercado@bonilla.com,2022-01-09,http://castro.net/
